{"cameraMode":{"drawMode":0,"name":"Shaded","section":"Shading Mode"},"sceneLighting":true,"audioPlay":false,"sceneViewState":{"showFog":true,"showMaterialUpdate":false,"showSkybox":true,"showFlares":true,"showImageEffects":true,"showParticleSystems":true},"in2DMode":false,"pivot":{"x":499.63037109375,"y":104.1512451171875,"z":551.3572387695313},"rotation":{"x":0.771575391292572,"y":-0.007632899098098278,"z":0.009259145706892014,"w":0.6360281109809876},"size":547.8098754882813,"orthographic":true}