{"cameraMode":{"drawMode":0,"name":"Shaded","section":"Shading Mode"},"sceneLighting":false,"audioPlay":false,"sceneViewState":{"showFog":true,"showMaterialUpdate":true,"showSkybox":false,"showFlares":true,"showImageEffects":true,"showParticleSystems":true},"in2DMode":false,"pivot":{"x":389.2353515625,"y":5.005859375,"z":126.0703125},"rotation":{"x":-0.0010615322971716524,"y":0.9984723925590515,"z":-0.051275964826345447,"w":-0.020670533180236818},"size":34.36480712890625,"orthographic":false}