{"cameraMode":{"drawMode":0,"name":"Shaded","section":"Shading Mode"},"sceneLighting":true,"audioPlay":false,"sceneViewState":{"showFog":true,"showMaterialUpdate":true,"showSkybox":true,"showFlares":true,"showImageEffects":true,"showParticleSystems":true},"in2DMode":false,"pivot":{"x":317.2221374511719,"y":109.72333526611328,"z":255.93812561035157},"rotation":{"x":-0.14815346896648408,"y":0.03766706958413124,"z":-0.005646958015859127,"w":-0.9882311224937439},"size":556.7477416992188,"orthographic":true}