{"cameraMode":{"drawMode":0,"name":"Shaded","section":"Shading Mode"},"sceneLighting":true,"audioPlay":false,"sceneViewState":{"showFog":true,"showMaterialUpdate":false,"showSkybox":true,"showFlares":true,"showImageEffects":true,"showParticleSystems":true},"in2DMode":false,"pivot":{"x":-3.0500001907348635,"y":4.920000076293945,"z":-3.489999771118164},"rotation":{"x":0.18039526045322419,"y":0.7410609126091003,"z":-0.2197793573141098,"w":0.6082693338394165},"size":11.148001670837403,"orthographic":false}